<?xml version='1.0' encoding='utf-8'?>
<graphml xmlns="http://graphml.graphdrawing.org/xmlns" xmlns:xsi="http://www.w3.org/2001/XMLSchema-instance" xsi:schemaLocation="http://graphml.graphdrawing.org/xmlns http://graphml.graphdrawing.org/xmlns/1.0/graphml.xsd">
  <graph edgedefault="undirected">
    <node id="0" />
    <node id="1" />
    <node id="2" />
    <node id="3" />
    <node id="4" />
    <node id="5" />
    <node id="6" />
    <node id="7" />
    <node id="8" />
    <node id="9" />
    <node id="10" />
    <node id="11" />
    <node id="12" />
    <node id="13" />
    <node id="14" />
    <node id="15" />
    <node id="16" />
    <node id="17" />
    <node id="18" />
    <node id="19" />
    <node id="20" />
    <node id="21" />
    <node id="22" />
    <node id="23" />
    <node id="24" />
    <node id="25" />
    <node id="26" />
    <node id="27" />
    <node id="28" />
    <node id="29" />
    <node id="30" />
    <node id="31" />
    <node id="32" />
    <node id="33" />
    <node id="34" />
    <node id="35" />
    <node id="36" />
    <node id="37" />
    <node id="38" />
    <node id="39" />
    <node id="40" />
    <node id="41" />
    <node id="42" />
    <node id="43" />
    <node id="44" />
    <node id="45" />
    <node id="46" />
    <node id="47" />
    <node id="48" />
    <node id="49" />
    <node id="50" />
    <node id="51" />
    <node id="52" />
    <node id="53" />
    <node id="54" />
    <node id="55" />
    <node id="56" />
    <node id="57" />
    <node id="58" />
    <node id="59" />
    <node id="60" />
    <node id="61" />
    <node id="62" />
    <node id="63" />
    <edge source="0" target="38" />
    <edge source="0" target="12" />
    <edge source="0" target="10" />
    <edge source="0" target="44" />
    <edge source="0" target="48" />
    <edge source="0" target="21" />
    <edge source="0" target="28" />
    <edge source="0" target="63" />
    <edge source="1" target="41" />
    <edge source="1" target="10" />
    <edge source="1" target="13" />
    <edge source="1" target="45" />
    <edge source="1" target="51" />
    <edge source="1" target="22" />
    <edge source="1" target="57" />
    <edge source="1" target="25" />
    <edge source="1" target="15" />
    <edge source="2" target="33" />
    <edge source="2" target="4" />
    <edge source="2" target="5" />
    <edge source="2" target="11" />
    <edge source="2" target="50" />
    <edge source="2" target="46" />
    <edge source="2" target="13" />
    <edge source="2" target="48" />
    <edge source="2" target="56" />
    <edge source="2" target="18" />
    <edge source="2" target="22" />
    <edge source="2" target="25" />
    <edge source="2" target="24" />
    <edge source="2" target="57" />
    <edge source="2" target="63" />
    <edge source="2" target="31" />
    <edge source="3" target="39" />
    <edge source="3" target="8" />
    <edge source="3" target="47" />
    <edge source="3" target="19" />
    <edge source="3" target="23" />
    <edge source="3" target="56" />
    <edge source="3" target="57" />
    <edge source="3" target="59" />
    <edge source="3" target="61" />
    <edge source="3" target="62" />
    <edge source="3" target="31" />
    <edge source="4" target="51" />
    <edge source="4" target="37" />
    <edge source="4" target="38" />
    <edge source="4" target="43" />
    <edge source="4" target="47" />
    <edge source="4" target="19" />
    <edge source="4" target="52" />
    <edge source="4" target="53" />
    <edge source="4" target="23" />
    <edge source="4" target="56" />
    <edge source="5" target="39" />
    <edge source="5" target="8" />
    <edge source="5" target="11" />
    <edge source="5" target="20" />
    <edge source="5" target="22" />
    <edge source="6" target="35" />
    <edge source="6" target="9" />
    <edge source="6" target="10" />
    <edge source="6" target="23" />
    <edge source="6" target="12" />
    <edge source="6" target="46" />
    <edge source="6" target="49" />
    <edge source="6" target="18" />
    <edge source="6" target="20" />
    <edge source="6" target="53" />
    <edge source="6" target="55" />
    <edge source="7" target="8" />
    <edge source="7" target="42" />
    <edge source="7" target="13" />
    <edge source="7" target="48" />
    <edge source="7" target="17" />
    <edge source="7" target="19" />
    <edge source="7" target="53" />
    <edge source="7" target="58" />
    <edge source="7" target="29" />
    <edge source="7" target="21" />
    <edge source="8" target="32" />
    <edge source="8" target="40" />
    <edge source="8" target="41" />
    <edge source="8" target="10" />
    <edge source="8" target="45" />
    <edge source="8" target="47" />
    <edge source="8" target="16" />
    <edge source="8" target="35" />
    <edge source="8" target="52" />
    <edge source="8" target="21" />
    <edge source="8" target="60" />
    <edge source="8" target="61" />
    <edge source="9" target="10" />
    <edge source="9" target="47" />
    <edge source="9" target="16" />
    <edge source="9" target="18" />
    <edge source="9" target="57" />
    <edge source="9" target="54" />
    <edge source="9" target="55" />
    <edge source="9" target="25" />
    <edge source="9" target="59" />
    <edge source="9" target="61" />
    <edge source="9" target="30" />
    <edge source="10" target="60" />
    <edge source="10" target="48" />
    <edge source="10" target="49" />
    <edge source="10" target="23" />
    <edge source="10" target="26" />
    <edge source="10" target="28" />
    <edge source="10" target="62" />
    <edge source="11" target="43" />
    <edge source="11" target="46" />
    <edge source="12" target="39" />
    <edge source="12" target="14" />
    <edge source="12" target="52" />
    <edge source="12" target="21" />
    <edge source="12" target="23" />
    <edge source="12" target="28" />
    <edge source="13" target="36" />
    <edge source="13" target="14" />
    <edge source="13" target="46" />
    <edge source="13" target="48" />
    <edge source="13" target="18" />
    <edge source="13" target="53" />
    <edge source="13" target="55" />
    <edge source="13" target="63" />
    <edge source="13" target="28" />
    <edge source="13" target="31" />
    <edge source="14" target="39" />
    <edge source="14" target="45" />
    <edge source="14" target="15" />
    <edge source="14" target="51" />
    <edge source="14" target="54" />
    <edge source="15" target="39" />
    <edge source="15" target="49" />
    <edge source="15" target="63" />
    <edge source="15" target="31" />
    <edge source="16" target="32" />
    <edge source="16" target="35" />
    <edge source="16" target="36" />
    <edge source="16" target="37" />
    <edge source="16" target="43" />
    <edge source="16" target="46" />
    <edge source="16" target="21" />
    <edge source="16" target="54" />
    <edge source="16" target="58" />
    <edge source="16" target="29" />
    <edge source="16" target="62" />
    <edge source="17" target="33" />
    <edge source="17" target="43" />
    <edge source="17" target="44" />
    <edge source="17" target="47" />
    <edge source="17" target="48" />
    <edge source="17" target="19" />
    <edge source="17" target="25" />
    <edge source="17" target="58" />
    <edge source="18" target="32" />
    <edge source="18" target="35" />
    <edge source="18" target="37" />
    <edge source="18" target="43" />
    <edge source="18" target="24" />
    <edge source="18" target="58" />
    <edge source="18" target="38" />
    <edge source="18" target="29" />
    <edge source="18" target="31" />
    <edge source="19" target="32" />
    <edge source="19" target="28" />
    <edge source="20" target="35" />
    <edge source="20" target="38" />
    <edge source="20" target="41" />
    <edge source="20" target="42" />
    <edge source="20" target="48" />
    <edge source="20" target="30" />
    <edge source="20" target="61" />
    <edge source="20" target="62" />
    <edge source="20" target="63" />
    <edge source="21" target="34" />
    <edge source="21" target="39" />
    <edge source="21" target="55" />
    <edge source="21" target="52" />
    <edge source="21" target="53" />
    <edge source="21" target="22" />
    <edge source="21" target="23" />
    <edge source="21" target="26" />
    <edge source="21" target="27" />
    <edge source="21" target="62" />
    <edge source="22" target="34" />
    <edge source="22" target="42" />
    <edge source="22" target="45" />
    <edge source="23" target="33" />
    <edge source="23" target="40" />
    <edge source="23" target="54" />
    <edge source="23" target="36" />
    <edge source="23" target="29" />
    <edge source="23" target="30" />
    <edge source="23" target="63" />
    <edge source="24" target="35" />
    <edge source="24" target="36" />
    <edge source="24" target="48" />
    <edge source="24" target="53" />
    <edge source="24" target="28" />
    <edge source="24" target="31" />
    <edge source="25" target="38" />
    <edge source="25" target="42" />
    <edge source="25" target="44" />
    <edge source="25" target="56" />
    <edge source="25" target="26" />
    <edge source="25" target="61" />
    <edge source="25" target="63" />
    <edge source="26" target="35" />
    <edge source="26" target="39" />
    <edge source="26" target="44" />
    <edge source="26" target="49" />
    <edge source="26" target="55" />
    <edge source="26" target="62" />
    <edge source="27" target="34" />
    <edge source="27" target="36" />
    <edge source="27" target="37" />
    <edge source="27" target="41" />
    <edge source="27" target="46" />
    <edge source="27" target="51" />
    <edge source="27" target="52" />
    <edge source="27" target="56" />
    <edge source="27" target="29" />
    <edge source="28" target="32" />
    <edge source="28" target="35" />
    <edge source="28" target="40" />
    <edge source="28" target="44" />
    <edge source="28" target="46" />
    <edge source="28" target="60" />
    <edge source="28" target="29" />
    <edge source="29" target="60" />
    <edge source="29" target="51" />
    <edge source="29" target="55" />
    <edge source="29" target="31" />
    <edge source="30" target="34" />
    <edge source="30" target="40" />
    <edge source="30" target="63" />
    <edge source="31" target="39" />
    <edge source="31" target="40" />
    <edge source="31" target="50" />
    <edge source="31" target="60" />
    <edge source="31" target="61" />
    <edge source="32" target="33" />
    <edge source="32" target="38" />
    <edge source="32" target="39" />
    <edge source="32" target="44" />
    <edge source="32" target="48" />
    <edge source="32" target="58" />
    <edge source="32" target="62" />
    <edge source="33" target="40" />
    <edge source="33" target="49" />
    <edge source="34" target="51" />
    <edge source="34" target="53" />
    <edge source="34" target="56" />
    <edge source="35" target="36" />
    <edge source="35" target="44" />
    <edge source="35" target="47" />
    <edge source="35" target="53" />
    <edge source="36" target="39" />
    <edge source="36" target="40" />
    <edge source="36" target="42" />
    <edge source="36" target="46" />
    <edge source="36" target="48" />
    <edge source="36" target="54" />
    <edge source="36" target="58" />
    <edge source="36" target="63" />
    <edge source="37" target="59" />
    <edge source="37" target="50" />
    <edge source="37" target="51" />
    <edge source="37" target="53" />
    <edge source="37" target="55" />
    <edge source="38" target="40" />
    <edge source="38" target="44" />
    <edge source="38" target="47" />
    <edge source="38" target="50" />
    <edge source="38" target="54" />
    <edge source="38" target="57" />
    <edge source="38" target="59" />
    <edge source="39" target="63" />
    <edge source="39" target="47" />
    <edge source="40" target="41" />
    <edge source="40" target="45" />
    <edge source="40" target="49" />
    <edge source="40" target="59" />
    <edge source="41" target="42" />
    <edge source="41" target="50" />
    <edge source="41" target="55" />
    <edge source="41" target="61" />
    <edge source="42" target="46" />
    <edge source="42" target="49" />
    <edge source="42" target="58" />
    <edge source="43" target="51" />
    <edge source="43" target="57" />
    <edge source="43" target="60" />
    <edge source="45" target="54" />
    <edge source="45" target="59" />
    <edge source="46" target="51" />
    <edge source="46" target="52" />
    <edge source="46" target="59" />
    <edge source="47" target="52" />
    <edge source="47" target="54" />
    <edge source="47" target="56" />
    <edge source="47" target="62" />
    <edge source="47" target="63" />
    <edge source="48" target="51" />
    <edge source="48" target="59" />
    <edge source="48" target="61" />
    <edge source="48" target="63" />
    <edge source="49" target="54" />
    <edge source="49" target="56" />
    <edge source="51" target="55" />
    <edge source="51" target="56" />
    <edge source="51" target="59" />
    <edge source="52" target="55" />
    <edge source="52" target="61" />
    <edge source="54" target="59" />
    <edge source="57" target="60" />
    <edge source="57" target="63" />
    <edge source="62" target="63" />
  </graph>
</graphml>
