<?xml version='1.0' encoding='utf-8'?>
<graphml xmlns="http://graphml.graphdrawing.org/xmlns" xmlns:xsi="http://www.w3.org/2001/XMLSchema-instance" xsi:schemaLocation="http://graphml.graphdrawing.org/xmlns http://graphml.graphdrawing.org/xmlns/1.0/graphml.xsd">
  <graph edgedefault="undirected">
    <node id="0" />
    <node id="1" />
    <node id="2" />
    <node id="3" />
    <node id="4" />
    <node id="5" />
    <node id="6" />
    <node id="7" />
    <node id="8" />
    <node id="9" />
    <node id="10" />
    <node id="11" />
    <node id="12" />
    <node id="13" />
    <node id="14" />
    <node id="15" />
    <node id="16" />
    <node id="17" />
    <node id="18" />
    <node id="19" />
    <node id="20" />
    <node id="21" />
    <node id="22" />
    <node id="23" />
    <node id="24" />
    <node id="25" />
    <node id="26" />
    <node id="27" />
    <node id="28" />
    <node id="29" />
    <node id="30" />
    <node id="31" />
    <node id="32" />
    <node id="33" />
    <node id="34" />
    <node id="35" />
    <node id="36" />
    <node id="37" />
    <node id="38" />
    <node id="39" />
    <node id="40" />
    <node id="41" />
    <node id="42" />
    <node id="43" />
    <node id="44" />
    <node id="45" />
    <node id="46" />
    <node id="47" />
    <node id="48" />
    <node id="49" />
    <node id="50" />
    <node id="51" />
    <node id="52" />
    <node id="53" />
    <node id="54" />
    <node id="55" />
    <node id="56" />
    <node id="57" />
    <node id="58" />
    <node id="59" />
    <node id="60" />
    <node id="61" />
    <node id="62" />
    <node id="63" />
    <edge source="0" target="32" />
    <edge source="0" target="33" />
    <edge source="0" target="36" />
    <edge source="0" target="5" />
    <edge source="0" target="6" />
    <edge source="0" target="1" />
    <edge source="0" target="11" />
    <edge source="0" target="45" />
    <edge source="0" target="14" />
    <edge source="0" target="48" />
    <edge source="0" target="17" />
    <edge source="0" target="52" />
    <edge source="0" target="46" />
    <edge source="0" target="20" />
    <edge source="0" target="38" />
    <edge source="0" target="37" />
    <edge source="1" target="33" />
    <edge source="1" target="43" />
    <edge source="1" target="36" />
    <edge source="1" target="7" />
    <edge source="1" target="9" />
    <edge source="1" target="10" />
    <edge source="1" target="55" />
    <edge source="1" target="47" />
    <edge source="1" target="48" />
    <edge source="1" target="18" />
    <edge source="1" target="23" />
    <edge source="1" target="56" />
    <edge source="1" target="25" />
    <edge source="1" target="28" />
    <edge source="2" target="3" />
    <edge source="2" target="5" />
    <edge source="2" target="6" />
    <edge source="2" target="39" />
    <edge source="2" target="8" />
    <edge source="2" target="12" />
    <edge source="2" target="49" />
    <edge source="2" target="26" />
    <edge source="2" target="54" />
    <edge source="2" target="24" />
    <edge source="2" target="22" />
    <edge source="2" target="61" />
    <edge source="3" target="35" />
    <edge source="3" target="7" />
    <edge source="3" target="44" />
    <edge source="3" target="15" />
    <edge source="3" target="50" />
    <edge source="3" target="52" />
    <edge source="3" target="21" />
    <edge source="3" target="54" />
    <edge source="3" target="25" />
    <edge source="3" target="26" />
    <edge source="4" target="32" />
    <edge source="4" target="36" />
    <edge source="4" target="39" />
    <edge source="4" target="43" />
    <edge source="4" target="46" />
    <edge source="4" target="48" />
    <edge source="4" target="52" />
    <edge source="4" target="22" />
    <edge source="4" target="20" />
    <edge source="4" target="58" />
    <edge source="5" target="34" />
    <edge source="5" target="17" />
    <edge source="5" target="8" />
    <edge source="5" target="57" />
    <edge source="5" target="45" />
    <edge source="5" target="46" />
    <edge source="5" target="56" />
    <edge source="5" target="21" />
    <edge source="5" target="54" />
    <edge source="5" target="55" />
    <edge source="5" target="24" />
    <edge source="5" target="25" />
    <edge source="5" target="31" />
    <edge source="6" target="38" />
    <edge source="6" target="39" />
    <edge source="6" target="34" />
    <edge source="6" target="46" />
    <edge source="6" target="47" />
    <edge source="6" target="19" />
    <edge source="6" target="30" />
    <edge source="6" target="63" />
    <edge source="7" target="12" />
    <edge source="7" target="29" />
    <edge source="7" target="17" />
    <edge source="7" target="19" />
    <edge source="7" target="54" />
    <edge source="7" target="24" />
    <edge source="7" target="61" />
    <edge source="7" target="30" />
    <edge source="8" target="32" />
    <edge source="8" target="33" />
    <edge source="8" target="44" />
    <edge source="8" target="11" />
    <edge source="8" target="12" />
    <edge source="8" target="49" />
    <edge source="8" target="21" />
    <edge source="8" target="27" />
    <edge source="9" target="37" />
    <edge source="9" target="39" />
    <edge source="9" target="40" />
    <edge source="9" target="41" />
    <edge source="9" target="23" />
    <edge source="9" target="46" />
    <edge source="9" target="49" />
    <edge source="9" target="55" />
    <edge source="10" target="38" />
    <edge source="10" target="33" />
    <edge source="10" target="13" />
    <edge source="10" target="19" />
    <edge source="10" target="20" />
    <edge source="10" target="24" />
    <edge source="10" target="26" />
    <edge source="10" target="30" />
    <edge source="11" target="38" />
    <edge source="11" target="47" />
    <edge source="11" target="43" />
    <edge source="11" target="45" />
    <edge source="11" target="15" />
    <edge source="11" target="49" />
    <edge source="11" target="23" />
    <edge source="11" target="55" />
    <edge source="11" target="58" />
    <edge source="11" target="27" />
    <edge source="12" target="42" />
    <edge source="12" target="56" />
    <edge source="12" target="22" />
    <edge source="12" target="24" />
    <edge source="12" target="25" />
    <edge source="12" target="26" />
    <edge source="12" target="63" />
    <edge source="13" target="39" />
    <edge source="13" target="45" />
    <edge source="13" target="47" />
    <edge source="13" target="49" />
    <edge source="13" target="55" />
    <edge source="13" target="63" />
    <edge source="14" target="33" />
    <edge source="14" target="39" />
    <edge source="14" target="46" />
    <edge source="14" target="15" />
    <edge source="14" target="50" />
    <edge source="14" target="51" />
    <edge source="14" target="52" />
    <edge source="14" target="53" />
    <edge source="14" target="23" />
    <edge source="14" target="27" />
    <edge source="15" target="19" />
    <edge source="15" target="34" />
    <edge source="15" target="43" />
    <edge source="15" target="44" />
    <edge source="15" target="47" />
    <edge source="15" target="17" />
    <edge source="15" target="50" />
    <edge source="15" target="51" />
    <edge source="15" target="53" />
    <edge source="15" target="62" />
    <edge source="15" target="27" />
    <edge source="15" target="30" />
    <edge source="16" target="33" />
    <edge source="16" target="34" />
    <edge source="16" target="35" />
    <edge source="16" target="47" />
    <edge source="16" target="17" />
    <edge source="16" target="30" />
    <edge source="17" target="51" />
    <edge source="17" target="36" />
    <edge source="17" target="40" />
    <edge source="17" target="43" />
    <edge source="17" target="19" />
    <edge source="17" target="52" />
    <edge source="17" target="25" />
    <edge source="17" target="30" />
    <edge source="18" target="37" />
    <edge source="18" target="44" />
    <edge source="18" target="45" />
    <edge source="18" target="49" />
    <edge source="18" target="19" />
    <edge source="18" target="53" />
    <edge source="18" target="26" />
    <edge source="18" target="30" />
    <edge source="19" target="40" />
    <edge source="19" target="42" />
    <edge source="19" target="39" />
    <edge source="19" target="45" />
    <edge source="19" target="20" />
    <edge source="19" target="54" />
    <edge source="19" target="55" />
    <edge source="20" target="33" />
    <edge source="20" target="43" />
    <edge source="20" target="47" />
    <edge source="20" target="49" />
    <edge source="20" target="59" />
    <edge source="21" target="34" />
    <edge source="21" target="43" />
    <edge source="21" target="47" />
    <edge source="21" target="48" />
    <edge source="21" target="22" />
    <edge source="21" target="58" />
    <edge source="21" target="27" />
    <edge source="21" target="29" />
    <edge source="21" target="62" />
    <edge source="22" target="33" />
    <edge source="22" target="37" />
    <edge source="22" target="39" />
    <edge source="22" target="45" />
    <edge source="22" target="46" />
    <edge source="22" target="48" />
    <edge source="22" target="57" />
    <edge source="22" target="27" />
    <edge source="23" target="38" />
    <edge source="23" target="49" />
    <edge source="23" target="53" />
    <edge source="23" target="57" />
    <edge source="23" target="29" />
    <edge source="23" target="30" />
    <edge source="24" target="43" />
    <edge source="24" target="45" />
    <edge source="24" target="49" />
    <edge source="24" target="50" />
    <edge source="24" target="52" />
    <edge source="24" target="27" />
    <edge source="24" target="28" />
    <edge source="24" target="29" />
    <edge source="25" target="38" />
    <edge source="25" target="41" />
    <edge source="25" target="45" />
    <edge source="25" target="35" />
    <edge source="25" target="26" />
    <edge source="25" target="27" />
    <edge source="25" target="60" />
    <edge source="25" target="58" />
    <edge source="26" target="34" />
    <edge source="26" target="46" />
    <edge source="26" target="47" />
    <edge source="26" target="35" />
    <edge source="26" target="52" />
    <edge source="26" target="28" />
    <edge source="27" target="35" />
    <edge source="27" target="42" />
    <edge source="27" target="48" />
    <edge source="27" target="52" />
    <edge source="27" target="54" />
    <edge source="27" target="57" />
    <edge source="27" target="61" />
    <edge source="28" target="35" />
    <edge source="28" target="37" />
    <edge source="28" target="38" />
    <edge source="28" target="39" />
    <edge source="28" target="42" />
    <edge source="28" target="52" />
    <edge source="28" target="58" />
    <edge source="28" target="62" />
    <edge source="29" target="35" />
    <edge source="29" target="43" />
    <edge source="29" target="45" />
    <edge source="29" target="51" />
    <edge source="29" target="54" />
    <edge source="29" target="55" />
    <edge source="29" target="39" />
    <edge source="29" target="58" />
    <edge source="29" target="53" />
    <edge source="29" target="63" />
    <edge source="30" target="33" />
    <edge source="30" target="40" />
    <edge source="30" target="50" />
    <edge source="30" target="53" />
    <edge source="30" target="58" />
    <edge source="30" target="59" />
    <edge source="30" target="42" />
    <edge source="30" target="31" />
    <edge source="31" target="34" />
    <edge source="31" target="35" />
    <edge source="31" target="40" />
    <edge source="31" target="41" />
    <edge source="31" target="42" />
    <edge source="31" target="47" />
    <edge source="31" target="49" />
    <edge source="31" target="50" />
    <edge source="31" target="58" />
    <edge source="31" target="59" />
    <edge source="32" target="36" />
    <edge source="32" target="38" />
    <edge source="32" target="40" />
    <edge source="32" target="44" />
    <edge source="32" target="62" />
    <edge source="32" target="54" />
    <edge source="32" target="57" />
    <edge source="32" target="58" />
    <edge source="32" target="63" />
    <edge source="33" target="40" />
    <edge source="33" target="41" />
    <edge source="33" target="50" />
    <edge source="33" target="53" />
    <edge source="33" target="54" />
    <edge source="34" target="35" />
    <edge source="34" target="36" />
    <edge source="34" target="38" />
    <edge source="34" target="39" />
    <edge source="34" target="50" />
    <edge source="34" target="52" />
    <edge source="34" target="53" />
    <edge source="35" target="42" />
    <edge source="35" target="51" />
    <edge source="36" target="40" />
    <edge source="36" target="41" />
    <edge source="36" target="44" />
    <edge source="36" target="51" />
    <edge source="36" target="54" />
    <edge source="36" target="55" />
    <edge source="36" target="58" />
    <edge source="36" target="60" />
    <edge source="36" target="62" />
    <edge source="36" target="63" />
    <edge source="37" target="38" />
    <edge source="37" target="44" />
    <edge source="37" target="46" />
    <edge source="37" target="48" />
    <edge source="37" target="49" />
    <edge source="37" target="50" />
    <edge source="37" target="53" />
    <edge source="37" target="41" />
    <edge source="37" target="63" />
    <edge source="38" target="46" />
    <edge source="38" target="48" />
    <edge source="38" target="50" />
    <edge source="39" target="40" />
    <edge source="39" target="53" />
    <edge source="39" target="57" />
    <edge source="39" target="59" />
    <edge source="39" target="63" />
    <edge source="40" target="41" />
    <edge source="40" target="50" />
    <edge source="40" target="63" />
    <edge source="41" target="42" />
    <edge source="41" target="45" />
    <edge source="41" target="47" />
    <edge source="41" target="57" />
    <edge source="41" target="55" />
    <edge source="41" target="58" />
    <edge source="42" target="44" />
    <edge source="42" target="46" />
    <edge source="42" target="60" />
    <edge source="42" target="49" />
    <edge source="42" target="56" />
    <edge source="42" target="58" />
    <edge source="43" target="44" />
    <edge source="43" target="46" />
    <edge source="43" target="56" />
    <edge source="43" target="50" />
    <edge source="43" target="51" />
    <edge source="44" target="45" />
    <edge source="44" target="49" />
    <edge source="44" target="54" />
    <edge source="44" target="60" />
    <edge source="44" target="63" />
    <edge source="45" target="49" />
    <edge source="45" target="52" />
    <edge source="45" target="55" />
    <edge source="45" target="54" />
    <edge source="46" target="49" />
    <edge source="46" target="61" />
    <edge source="46" target="63" />
    <edge source="47" target="54" />
    <edge source="47" target="58" />
    <edge source="48" target="59" />
    <edge source="49" target="51" />
    <edge source="50" target="62" />
    <edge source="50" target="59" />
    <edge source="51" target="59" />
    <edge source="52" target="62" />
    <edge source="52" target="63" />
    <edge source="53" target="54" />
    <edge source="53" target="60" />
    <edge source="54" target="55" />
    <edge source="54" target="61" />
    <edge source="55" target="63" />
    <edge source="56" target="58" />
    <edge source="56" target="60" />
    <edge source="56" target="63" />
    <edge source="57" target="58" />
    <edge source="57" target="61" />
    <edge source="61" target="62" />
  </graph>
</graphml>
