<?xml version='1.0' encoding='utf-8'?>
<graphml xmlns="http://graphml.graphdrawing.org/xmlns" xmlns:xsi="http://www.w3.org/2001/XMLSchema-instance" xsi:schemaLocation="http://graphml.graphdrawing.org/xmlns http://graphml.graphdrawing.org/xmlns/1.0/graphml.xsd">
  <graph edgedefault="undirected">
    <node id="0" />
    <node id="1" />
    <node id="2" />
    <node id="3" />
    <node id="4" />
    <node id="5" />
    <node id="6" />
    <node id="7" />
    <node id="8" />
    <node id="9" />
    <node id="10" />
    <node id="11" />
    <node id="12" />
    <node id="13" />
    <node id="14" />
    <node id="15" />
    <node id="16" />
    <node id="17" />
    <node id="18" />
    <node id="19" />
    <node id="20" />
    <node id="21" />
    <node id="22" />
    <node id="23" />
    <node id="24" />
    <node id="25" />
    <node id="26" />
    <node id="27" />
    <node id="28" />
    <node id="29" />
    <node id="30" />
    <node id="31" />
    <node id="32" />
    <node id="33" />
    <node id="34" />
    <node id="35" />
    <node id="36" />
    <node id="37" />
    <node id="38" />
    <node id="39" />
    <node id="40" />
    <node id="41" />
    <node id="42" />
    <node id="43" />
    <node id="44" />
    <node id="45" />
    <node id="46" />
    <node id="47" />
    <node id="48" />
    <node id="49" />
    <node id="50" />
    <node id="51" />
    <node id="52" />
    <node id="53" />
    <node id="54" />
    <node id="55" />
    <node id="56" />
    <node id="57" />
    <node id="58" />
    <node id="59" />
    <node id="60" />
    <node id="61" />
    <node id="62" />
    <node id="63" />
    <edge source="0" target="9" />
    <edge source="0" target="10" />
    <edge source="0" target="46" />
    <edge source="0" target="47" />
    <edge source="0" target="51" />
    <edge source="0" target="22" />
    <edge source="0" target="57" />
    <edge source="0" target="58" />
    <edge source="0" target="29" />
    <edge source="0" target="30" />
    <edge source="1" target="4" />
    <edge source="1" target="7" />
    <edge source="1" target="40" />
    <edge source="1" target="12" />
    <edge source="1" target="44" />
    <edge source="1" target="14" />
    <edge source="1" target="8" />
    <edge source="1" target="56" />
    <edge source="1" target="36" />
    <edge source="1" target="59" />
    <edge source="1" target="60" />
    <edge source="1" target="63" />
    <edge source="2" target="5" />
    <edge source="2" target="6" />
    <edge source="2" target="39" />
    <edge source="2" target="8" />
    <edge source="2" target="45" />
    <edge source="2" target="50" />
    <edge source="2" target="21" />
    <edge source="2" target="30" />
    <edge source="3" target="32" />
    <edge source="3" target="33" />
    <edge source="3" target="34" />
    <edge source="3" target="37" />
    <edge source="3" target="29" />
    <edge source="3" target="20" />
    <edge source="3" target="21" />
    <edge source="3" target="54" />
    <edge source="3" target="55" />
    <edge source="3" target="61" />
    <edge source="3" target="53" />
    <edge source="4" target="32" />
    <edge source="4" target="5" />
    <edge source="4" target="38" />
    <edge source="4" target="54" />
    <edge source="4" target="9" />
    <edge source="4" target="10" />
    <edge source="4" target="43" />
    <edge source="4" target="18" />
    <edge source="4" target="53" />
    <edge source="4" target="22" />
    <edge source="4" target="26" />
    <edge source="4" target="27" />
    <edge source="5" target="6" />
    <edge source="5" target="7" />
    <edge source="5" target="8" />
    <edge source="5" target="14" />
    <edge source="5" target="51" />
    <edge source="5" target="46" />
    <edge source="5" target="54" />
    <edge source="5" target="58" />
    <edge source="5" target="60" />
    <edge source="5" target="53" />
    <edge source="6" target="32" />
    <edge source="6" target="36" />
    <edge source="6" target="7" />
    <edge source="6" target="9" />
    <edge source="6" target="45" />
    <edge source="6" target="15" />
    <edge source="6" target="16" />
    <edge source="6" target="17" />
    <edge source="6" target="53" />
    <edge source="6" target="54" />
    <edge source="6" target="25" />
    <edge source="6" target="29" />
    <edge source="7" target="42" />
    <edge source="7" target="43" />
    <edge source="7" target="14" />
    <edge source="7" target="51" />
    <edge source="7" target="25" />
    <edge source="7" target="57" />
    <edge source="7" target="58" />
    <edge source="7" target="28" />
    <edge source="7" target="55" />
    <edge source="8" target="36" />
    <edge source="8" target="39" />
    <edge source="8" target="18" />
    <edge source="8" target="51" />
    <edge source="8" target="54" />
    <edge source="8" target="63" />
    <edge source="9" target="34" />
    <edge source="9" target="37" />
    <edge source="9" target="40" />
    <edge source="9" target="42" />
    <edge source="9" target="12" />
    <edge source="9" target="13" />
    <edge source="9" target="52" />
    <edge source="9" target="53" />
    <edge source="9" target="55" />
    <edge source="9" target="26" />
    <edge source="9" target="28" />
    <edge source="9" target="31" />
    <edge source="10" target="38" />
    <edge source="10" target="17" />
    <edge source="10" target="11" />
    <edge source="10" target="49" />
    <edge source="10" target="50" />
    <edge source="10" target="52" />
    <edge source="10" target="57" />
    <edge source="10" target="27" />
    <edge source="10" target="60" />
    <edge source="11" target="32" />
    <edge source="11" target="34" />
    <edge source="11" target="36" />
    <edge source="11" target="39" />
    <edge source="11" target="44" />
    <edge source="11" target="45" />
    <edge source="11" target="48" />
    <edge source="11" target="20" />
    <edge source="11" target="53" />
    <edge source="11" target="54" />
    <edge source="11" target="26" />
    <edge source="11" target="28" />
    <edge source="11" target="62" />
    <edge source="12" target="33" />
    <edge source="12" target="52" />
    <edge source="12" target="15" />
    <edge source="12" target="17" />
    <edge source="12" target="19" />
    <edge source="12" target="20" />
    <edge source="12" target="57" />
    <edge source="12" target="60" />
    <edge source="12" target="61" />
    <edge source="12" target="63" />
    <edge source="13" target="34" />
    <edge source="13" target="43" />
    <edge source="13" target="44" />
    <edge source="13" target="46" />
    <edge source="13" target="18" />
    <edge source="13" target="52" />
    <edge source="13" target="23" />
    <edge source="13" target="56" />
    <edge source="13" target="27" />
    <edge source="13" target="29" />
    <edge source="14" target="40" />
    <edge source="14" target="41" />
    <edge source="14" target="42" />
    <edge source="14" target="49" />
    <edge source="14" target="50" />
    <edge source="14" target="52" />
    <edge source="14" target="23" />
    <edge source="14" target="26" />
    <edge source="14" target="62" />
    <edge source="15" target="34" />
    <edge source="15" target="38" />
    <edge source="15" target="47" />
    <edge source="15" target="16" />
    <edge source="15" target="17" />
    <edge source="15" target="51" />
    <edge source="15" target="53" />
    <edge source="15" target="55" />
    <edge source="15" target="59" />
    <edge source="16" target="39" />
    <edge source="16" target="44" />
    <edge source="16" target="19" />
    <edge source="16" target="20" />
    <edge source="16" target="25" />
    <edge source="16" target="29" />
    <edge source="17" target="32" />
    <edge source="17" target="35" />
    <edge source="17" target="36" />
    <edge source="17" target="39" />
    <edge source="17" target="45" />
    <edge source="17" target="49" />
    <edge source="17" target="50" />
    <edge source="17" target="54" />
    <edge source="17" target="24" />
    <edge source="17" target="29" />
    <edge source="17" target="62" />
    <edge source="17" target="31" />
    <edge source="18" target="33" />
    <edge source="18" target="23" />
    <edge source="18" target="52" />
    <edge source="18" target="21" />
    <edge source="18" target="55" />
    <edge source="18" target="60" />
    <edge source="18" target="62" />
    <edge source="19" target="39" />
    <edge source="19" target="49" />
    <edge source="19" target="20" />
    <edge source="19" target="55" />
    <edge source="19" target="52" />
    <edge source="19" target="60" />
    <edge source="19" target="62" />
    <edge source="19" target="63" />
    <edge source="20" target="41" />
    <edge source="20" target="47" />
    <edge source="20" target="49" />
    <edge source="20" target="54" />
    <edge source="20" target="24" />
    <edge source="20" target="58" />
    <edge source="20" target="59" />
    <edge source="21" target="40" />
    <edge source="21" target="41" />
    <edge source="21" target="46" />
    <edge source="21" target="47" />
    <edge source="21" target="57" />
    <edge source="21" target="27" />
    <edge source="22" target="38" />
    <edge source="22" target="40" />
    <edge source="22" target="41" />
    <edge source="22" target="42" />
    <edge source="22" target="47" />
    <edge source="22" target="52" />
    <edge source="22" target="36" />
    <edge source="23" target="32" />
    <edge source="23" target="35" />
    <edge source="23" target="37" />
    <edge source="23" target="39" />
    <edge source="23" target="50" />
    <edge source="23" target="46" />
    <edge source="23" target="24" />
    <edge source="23" target="62" />
    <edge source="24" target="33" />
    <edge source="24" target="34" />
    <edge source="24" target="39" />
    <edge source="24" target="40" />
    <edge source="24" target="55" />
    <edge source="24" target="46" />
    <edge source="24" target="52" />
    <edge source="24" target="53" />
    <edge source="24" target="54" />
    <edge source="24" target="25" />
    <edge source="24" target="59" />
    <edge source="24" target="60" />
    <edge source="25" target="39" />
    <edge source="25" target="28" />
    <edge source="25" target="45" />
    <edge source="25" target="52" />
    <edge source="25" target="60" />
    <edge source="25" target="30" />
    <edge source="26" target="42" />
    <edge source="26" target="44" />
    <edge source="26" target="47" />
    <edge source="26" target="53" />
    <edge source="26" target="31" />
    <edge source="26" target="29" />
    <edge source="26" target="63" />
    <edge source="27" target="35" />
    <edge source="27" target="38" />
    <edge source="27" target="55" />
    <edge source="28" target="34" />
    <edge source="28" target="43" />
    <edge source="28" target="36" />
    <edge source="28" target="37" />
    <edge source="28" target="38" />
    <edge source="28" target="39" />
    <edge source="28" target="54" />
    <edge source="28" target="57" />
    <edge source="28" target="59" />
    <edge source="28" target="60" />
    <edge source="28" target="62" />
    <edge source="28" target="63" />
    <edge source="29" target="37" />
    <edge source="29" target="42" />
    <edge source="29" target="43" />
    <edge source="29" target="45" />
    <edge source="29" target="52" />
    <edge source="29" target="56" />
    <edge source="29" target="63" />
    <edge source="30" target="35" />
    <edge source="30" target="39" />
    <edge source="30" target="41" />
    <edge source="30" target="45" />
    <edge source="30" target="53" />
    <edge source="30" target="54" />
    <edge source="30" target="56" />
    <edge source="30" target="59" />
    <edge source="31" target="36" />
    <edge source="31" target="49" />
    <edge source="31" target="44" />
    <edge source="31" target="45" />
    <edge source="31" target="47" />
    <edge source="31" target="51" />
    <edge source="31" target="56" />
    <edge source="32" target="34" />
    <edge source="32" target="39" />
    <edge source="32" target="47" />
    <edge source="32" target="35" />
    <edge source="32" target="55" />
    <edge source="33" target="41" />
    <edge source="33" target="51" />
    <edge source="34" target="37" />
    <edge source="34" target="38" />
    <edge source="34" target="40" />
    <edge source="34" target="44" />
    <edge source="34" target="46" />
    <edge source="34" target="49" />
    <edge source="34" target="41" />
    <edge source="34" target="58" />
    <edge source="35" target="42" />
    <edge source="35" target="46" />
    <edge source="35" target="48" />
    <edge source="35" target="52" />
    <edge source="35" target="53" />
    <edge source="35" target="57" />
    <edge source="35" target="58" />
    <edge source="36" target="38" />
    <edge source="36" target="49" />
    <edge source="36" target="43" />
    <edge source="36" target="44" />
    <edge source="36" target="53" />
    <edge source="36" target="61" />
    <edge source="37" target="45" />
    <edge source="37" target="60" />
    <edge source="37" target="48" />
    <edge source="37" target="50" />
    <edge source="37" target="41" />
    <edge source="37" target="56" />
    <edge source="38" target="39" />
    <edge source="38" target="40" />
    <edge source="38" target="51" />
    <edge source="38" target="53" />
    <edge source="39" target="44" />
    <edge source="39" target="61" />
    <edge source="39" target="63" />
    <edge source="40" target="45" />
    <edge source="40" target="47" />
    <edge source="40" target="48" />
    <edge source="40" target="50" />
    <edge source="40" target="52" />
    <edge source="41" target="62" />
    <edge source="41" target="56" />
    <edge source="41" target="58" />
    <edge source="42" target="54" />
    <edge source="42" target="43" />
    <edge source="42" target="48" />
    <edge source="42" target="49" />
    <edge source="42" target="46" />
    <edge source="43" target="45" />
    <edge source="43" target="57" />
    <edge source="44" target="61" />
    <edge source="44" target="51" />
    <edge source="44" target="63" />
    <edge source="44" target="58" />
    <edge source="45" target="47" />
    <edge source="45" target="48" />
    <edge source="45" target="49" />
    <edge source="45" target="59" />
    <edge source="46" target="47" />
    <edge source="46" target="51" />
    <edge source="47" target="54" />
    <edge source="47" target="48" />
    <edge source="47" target="63" />
    <edge source="48" target="59" />
    <edge source="49" target="58" />
    <edge source="50" target="62" />
    <edge source="50" target="63" />
    <edge source="51" target="53" />
    <edge source="51" target="54" />
    <edge source="51" target="55" />
    <edge source="51" target="58" />
    <edge source="51" target="59" />
    <edge source="51" target="62" />
    <edge source="52" target="61" />
    <edge source="52" target="59" />
    <edge source="52" target="60" />
    <edge source="53" target="62" />
    <edge source="53" target="63" />
    <edge source="54" target="56" />
    <edge source="54" target="57" />
    <edge source="55" target="59" />
    <edge source="55" target="57" />
    <edge source="55" target="58" />
    <edge source="55" target="61" />
    <edge source="56" target="58" />
    <edge source="56" target="63" />
    <edge source="56" target="60" />
    <edge source="57" target="59" />
    <edge source="57" target="61" />
    <edge source="58" target="59" />
    <edge source="58" target="62" />
    <edge source="58" target="63" />
    <edge source="59" target="62" />
  </graph>
</graphml>
